relative_path,file_type,size_bytes,modified_time,sha256
src/CameraSerialController_2024-04-21.vi,vi,1105012,2024-04-21T17:17:48,aaf03825fccac1b6aad490e4af40b1839052f7a56b180615f3cbe566d4a4a8ba
src/CameraSerialController_2024-05-12.vi,vi,1105685,2024-05-12T15:36:26,98f938ea8b7eca6072df893f61d4c33870683c9e9f5b9080f4fff6a85c29c3c5
src/CameraSerialController_Experiment5555.vi,vi,1032624,2023-08-26T13:25:14,2c1f0172c05c3e12e424b517d2e3184e1743bd812887806ec9083ee5c46d2102
src/CameraSerialController_v04.vi,vi,1039717,2023-08-26T11:28:22,a9cb78aa473369b985dc387f054b12677849445e7c5a336624a37acf812f1123
src/CameraSerialController_v06.vi,vi,1050225,2023-08-25T11:37:58,a1db53ade790dabb22b1595b932b2008afde8b3ce075af068f5c6e00ba28bdfa
src/CameraSerial_Demo_Legacy.vi,vi,941329,2023-07-14T15:39:08,c14b93f13ef6241e9e83cae25a5ea96f59ee38d3f67d4f8d255c92e09b054a7f
src/CameraSobelEdgeDetection.vi,vi,1084442,2024-06-16T22:39:00,b930ee6e362a817da6e35e2875c17f0e8d77ae5470a518eb939b91e8d44a4308
src/CameraVision_Demo_Legacy.vi,vi,913488,2023-07-14T14:38:30,8a3900fe989878b4ae5e1c1b4441f365bae2c457f2fd0d594887d0c6cd931e7b
src/CameraVision_Demo_v01.vi,vi,949380,2023-07-13T19:44:00,14fb43f9601534f26df684bd24ba1fa0cdbbac0dca9a043e5805e6e9ed478233
src/CameraVision_Demo_v02.vi,vi,955573,2023-07-10T22:08:42,025cacc16a704cef7a8b09959cc2dc37987526689c25df08fafe256f9fcd2e5b
src/CameraVision_Demo_v03.vi,vi,1014489,2023-07-13T12:06:40,48cf5455013a82be7feaf107f898b5ede754e8a613e434d75dae859e6e258ae3
src/DAQmxDigitalOutput_2019-11-01.vi,vi,327724,2023-04-24T21:56:58,fd5ecb99aefa015ac6c53b0d2da1e1bc6a78bcb6b8220d942ba1741fda34023c
src/Image for Use_0.vi,vi,18147,2023-06-01T16:52:14,562947b810363a2965d49447b521df5c505e08f0071b25c66e969ba6166ae2f9
src/InitializeCamera.vi,vi,32885,2023-10-18T22:12:56,6c20d9ae04f4019d8966986573ad28a2307a8ceab85ad03002cd5e2929e3ae35
src/LabVIEW串口调试/SerialDebugger.lvproj,lvproj,1820,2023-08-22T15:44:18,8f496ce4d3b17429f895508a81324837911b504c65263455fbc91dc6f57d59c9
src/LabVIEW串口调试/SubVI/Demo/PlotMultipleXYCurves.vi,vi,15388,2023-08-22T15:44:18,f86b9beec963bcb1bf34d596ba7c04bb27021e737cd377736dcd83850eb451ed
src/LabVIEW串口调试/SubVI/Demo/SerialCommunication_Demo.vi,vi,25668,2023-08-22T15:44:18,3677e735798e00df7898d3d6267e2e04e32ec6ab3e57ca716cb0d423347288f1
src/LabVIEW串口调试/SubVI/Demo/状态机.ctl,ctl,13183,2023-08-22T15:44:18,8d482343064fbebd4d9b82b39fcb6c86689ef14ccd7be959d42ce2cd2a614c5c
src/LabVIEW串口调试/SubVI/Demo/状态机0.ctl,ctl,6220,2023-08-22T15:44:18,24e20c887ccfd8e909ba39ddc7e8381a09cba32bad9f9f80029589ee26e14f9a
src/LabVIEW串口调试/User Interface/PlanckExperiment_Main.vi,vi,97881,2023-08-22T15:44:16,a24c8e93d717f4bcba6b820e8d3320d94a393a5b0ea3a97d2b0129522e4f834a
src/LabVIEW串口调试/User Interface/主程序1 - 副本.vi,vi,44015,2023-08-22T15:44:16,942c0cadaf06ee7c878aed8447bade774669a9535114f3885edd0392c1f4a8cf
src/LabVIEW串口调试/User Interface/主程序1.vi,vi,44071,2023-08-22T15:44:16,11fdad5a2699375d4b594b3341bf66723a4d66c716ebc15bd84da9537a5de3b1
src/SerialHostUI.vi,vi,24878,2023-07-13T16:48:20,312e8ce53963a95db7d745ca58260f4551801701a985bf4e79d5848b3109197e
src/SerialPortConfig_Example.vi,vi,23948,2023-07-14T15:38:58,8e94e821680ae96a5e709c7900023073eb8d7073ec1daa51908ebc7b1214cf5d
src/Unclassified_2222.vi,vi,5968,2023-07-14T15:40:06,a4c6af095eb9d808904105f252d48f9316121144f1d4780dac0caee7d8a2560c
src/demo/CameraSerialPrototype_111.vi,vi,927203,2023-10-24T22:25:38,bce4d3e8cf469f96e7b3a17d071cabfdfa9bdaade097bf6d46ebbf9277215aa4
src/demo/CameraSerialPrototype_222.vi,vi,1056603,2023-12-18T17:21:06,74e68d9a973fcd783a088a0080fae2ca55a6f3683b870aeda1f8734455f0a94d
src/demo/CloseIMAQdxCamera.vi,vi,8092,2023-10-23T22:14:38,e403b316d5ddbc589721268fde2a11661371e3c714f76f7eda8d4acecf483b1f
src/demo/Image for Use_0.vi,vi,18147,2023-10-22T22:59:38,7d7cd3ac4da60e27cd176ff033cf85dbcc033dce6c2c362c914a643c93b94df4
src/控件 1.ctl,ctl,4235,2023-08-23T10:26:30,ebe0909ce17d9426f4e88eb41d6128c34ecef57df237e2bd219ed56e77d471c1
